title,url
How to Implement Modular ASP.NET Core Handlers?,https://stackoverflow.com/questions/77838532/how-to-implement-modular-asp-net-core-handlers
Automatic update of all elements of the list when changing object. Problem with parametric generation,https://stackoverflow.com/questions/77838531/automatic-update-of-all-elements-of-the-list-when-changing-object-problem-with
Getting boundary of a complex svg in fabric.js,https://stackoverflow.com/questions/77838527/getting-boundary-of-a-complex-svg-in-fabric-js
Lambda IP address originating from subnet CIDR,https://stackoverflow.com/questions/77838525/lambda-ip-address-originating-from-subnet-cidr
categorical sorting within date group in dataframe,https://stackoverflow.com/questions/77838523/categorical-sorting-within-date-group-in-dataframe
"accordion on mobile, tabs on desktop in Magento2",https://stackoverflow.com/questions/77838522/accordion-on-mobile-tabs-on-desktop-in-magento2
I want to change status based on order notes,https://stackoverflow.com/questions/77838519/i-want-to-change-status-based-on-order-notes
Google sees a CLS problem that isn't there?,https://stackoverflow.com/questions/77838518/google-sees-a-cls-problem-that-isnt-there
Intermittent Chart.js 3.7.1 Graph Distortion on Load,https://stackoverflow.com/questions/77838517/intermittent-chart-js-3-7-1-graph-distortion-on-load
Canceling Job doesn't stop suspend functions inside its scope,https://stackoverflow.com/questions/77838513/canceling-job-doesnt-stop-suspend-functions-inside-its-scope
Related to woocommerce filter queries,https://stackoverflow.com/questions/77838512/related-to-woocommerce-filter-queries
Generating own AWS Trace Header on an SQS message does not prevent Recursive Loop on a Lambda,https://stackoverflow.com/questions/77838510/generating-own-aws-trace-header-on-an-sqs-message-does-not-prevent-recursive-loo
Hard Drive Crashed What do I do?,https://stackoverflow.com/questions/77838509/hard-drive-crashed-what-do-i-do
Exit status for unhandled exception,https://stackoverflow.com/questions/77838507/exit-status-for-unhandled-exception
actionButton triggers after reconnect,https://stackoverflow.com/questions/77838506/actionbutton-triggers-after-reconnect
Excel formula not entering,https://stackoverflow.com/questions/77838504/excel-formula-not-entering
Secrets are empty inside workflow,https://stackoverflow.com/questions/77838501/secrets-are-empty-inside-workflow
How to manually set axis offset with custom tick labels?,https://stackoverflow.com/questions/77838496/how-to-manually-set-axis-offset-with-custom-tick-labels
Difference between returning a ptr with return type * and &,https://stackoverflow.com/questions/77838495/difference-between-returning-a-ptr-with-return-type-and
"How to pass a ""phrase"" parameter to a shortcode and get the whole ""phrase""",https://stackoverflow.com/questions/77838492/how-to-pass-a-phrase-parameter-to-a-shortcode-and-get-the-whole-phrase
Unit testing angular forms with Jest,https://stackoverflow.com/questions/77838491/unit-testing-angular-forms-with-jest
Guest mode in Facebook chat is not working,https://stackoverflow.com/questions/77838489/guest-mode-in-facebook-chat-is-not-working
Can't create a process on a remote machine using WMI?,https://stackoverflow.com/questions/77838486/cant-create-a-process-on-a-remote-machine-using-wmi
what is this oracle query doing with the single quotes,https://stackoverflow.com/questions/77838483/what-is-this-oracle-query-doing-with-the-single-quotes
How to serve static files in Node.js using Hono.js?,https://stackoverflow.com/questions/77838482/how-to-serve-static-files-in-node-js-using-hono-js
Creating a Secure WordPress User-based File Upload System (using ACF),https://stackoverflow.com/questions/77838480/creating-a-secure-wordpress-user-based-file-upload-system-using-acf
How to enlarge a video without changing the resolution in python?,https://stackoverflow.com/questions/77838478/how-to-enlarge-a-video-without-changing-the-resolution-in-python
How to force Entity Framework 6 to drop/create table instead of renaming?,https://stackoverflow.com/questions/77838477/how-to-force-entity-framework-6-to-drop-create-table-instead-of-renaming
Error 500 with ExtensionlessUrlHandler-Integrated-4.0 on .NET 4 WebAPI project,https://stackoverflow.com/questions/77838473/error-500-with-extensionlessurlhandler-integrated-4-0-on-net-4-webapi-project
Mockito in SpringBoot v. constructor injection,https://stackoverflow.com/questions/77838472/mockito-in-springboot-v-constructor-injection
How to Custom Filter for mat table in angular 14 and above,https://stackoverflow.com/questions/77838469/how-to-custom-filter-for-mat-table-in-angular-14-and-above
"POST request with urlencoded params leads to ""Request parameters invalid""",https://stackoverflow.com/questions/77838467/post-request-with-urlencoded-params-leads-to-request-parameters-invalid
Access Geolocation on Safari for locally hosted website across local network,https://stackoverflow.com/questions/77838462/access-geolocation-on-safari-for-locally-hosted-website-across-local-network
javaScript email format validation using if condition [closed],https://stackoverflow.com/questions/77838461/javascript-email-format-validation-using-if-condition
Keycloak exctract users with TOTP Config,https://stackoverflow.com/questions/77838458/keycloak-exctract-users-with-totp-config
Update protected branch settings via python-gitlab module,https://stackoverflow.com/questions/77838456/update-protected-branch-settings-via-python-gitlab-module
Repeating and Missing Nunber in an array 4th xor Approach why this is giving me Time Limit Error [closed],https://stackoverflow.com/questions/77838455/repeating-and-missing-nunber-in-an-array-4th-xor-approach-why-this-is-giving-me
"Pointers in C : Why printf %d for a pointer will show different values at each run, while %p work as expected and show the same address?",https://stackoverflow.com/questions/77838454/pointers-in-c-why-printf-d-for-a-pointer-will-show-different-values-at-each-r
Firebase push notification works perfectly in Android but in iOS sometimes it works and sometimes it does not,https://stackoverflow.com/questions/77838450/firebase-push-notification-works-perfectly-in-android-but-in-ios-sometimes-it-wo
Installation TensorFlow lite with cmake crashing,https://stackoverflow.com/questions/77838448/installation-tensorflow-lite-with-cmake-crashing
Python3 LDAP3/GSSAPI authenticate Active Directroy with negotiate token got from browser,https://stackoverflow.com/questions/77838445/python3-ldap3-gssapi-authenticate-active-directroy-with-negotiate-token-got-from
domPdf stream not working. Its downloading the pdf not streaming,https://stackoverflow.com/questions/77838444/dompdf-stream-not-working-its-downloading-the-pdf-not-streaming
How to use ExpressJS in VueJS?,https://stackoverflow.com/questions/77838441/how-to-use-expressjs-in-vuejs
Use LLM output to update filter in retriever,https://stackoverflow.com/questions/77838439/use-llm-output-to-update-filter-in-retriever
PayPal API shipping options - Cannot add a property that's already present; use replace,https://stackoverflow.com/questions/77838437/paypal-api-shipping-options-cannot-add-a-property-thats-already-present-use
AttributeError: 'MutableDenseMatrix' object has no attribute 'rewrite',https://stackoverflow.com/questions/77838436/attributeerror-mutabledensematrix-object-has-no-attribute-rewrite
Maven Dependency Resolution Issue for GeoServer GS:WPS,https://stackoverflow.com/questions/77838434/maven-dependency-resolution-issue-for-geoserver-gswps
How can a single S3 Lifecycle rule be deleted with boto3 SDK?,https://stackoverflow.com/questions/77838433/how-can-a-single-s3-lifecycle-rule-be-deleted-with-boto3-sdk
"Since Spark 2.3, the queries from raw JSON/CSV files are disallowed",https://stackoverflow.com/questions/77838432/since-spark-2-3-the-queries-from-raw-json-csv-files-are-disallowed
Order changes status from cancelled to processing,https://stackoverflow.com/questions/77838431/order-changes-status-from-cancelled-to-processing
Sending a complex object (nested classes) over multiprocessing queue,https://stackoverflow.com/questions/77838610/sending-a-complex-object-nested-classes-over-multiprocessing-queue
To create consistent resource tagging in Azure ML workspace,https://stackoverflow.com/questions/77838608/to-create-consistent-resource-tagging-in-azure-ml-workspace
Inspecting SAP Hana redo logs for change data capture,https://stackoverflow.com/questions/77838605/inspecting-sap-hana-redo-logs-for-change-data-capture
libvlc_video_set_mouse_input do not work while playing,https://stackoverflow.com/questions/77838603/libvlc-video-set-mouse-input-do-not-work-while-playing
Problem use Java and Android on company laptop can anyone find instalation without admin permision,https://stackoverflow.com/questions/77838602/problem-use-java-and-android-on-company-laptop-can-anyone-find-instalation-witho
No module named 'oauth2' when using ckanext-oauth2,https://stackoverflow.com/questions/77838601/no-module-named-oauth2-when-using-ckanext-oauth2
Vue3/Nuxt3: instance in plugin always empty object,https://stackoverflow.com/questions/77838600/vue3-nuxt3-instance-in-plugin-always-empty-object
Deployed Website Navbar not Working in both netlify and render,https://stackoverflow.com/questions/77838599/deployed-website-navbar-not-working-in-both-netlify-and-render
What to use as a unique hash in vercel KV database with NUXT and sidebase-auth?,https://stackoverflow.com/questions/77838597/what-to-use-as-a-unique-hash-in-vercel-kv-database-with-nuxt-and-sidebase-auth
websocket.receive_text raise ValueError: The future belongs to a different loop than the one specified as the loop argument,https://stackoverflow.com/questions/77838596/websocket-receive-text-raise-valueerror-the-future-belongs-to-a-different-loop
Reanimated's derivedValue keeps resetting to initial value [react-native],https://stackoverflow.com/questions/77838588/reanimateds-derivedvalue-keeps-resetting-to-initial-value-react-native
How to move from one except block to another in python?,https://stackoverflow.com/questions/77838584/how-to-move-from-one-except-block-to-another-in-python
Validation Loss lower than Training Loss,https://stackoverflow.com/questions/77838583/validation-loss-lower-than-training-loss
Istio CNI blocks traffic in application init containers,https://stackoverflow.com/questions/77838582/istio-cni-blocks-traffic-in-application-init-containers
Flutter: Text is cut a little bit in vertical direction in NodeExpansionTile widget,https://stackoverflow.com/questions/77838581/flutter-text-is-cut-a-little-bit-in-vertical-direction-in-nodeexpansiontile-wid
Nuxt3 App problem with cloudinary uploadWidget,https://stackoverflow.com/questions/77838579/nuxt3-app-problem-with-cloudinary-uploadwidget
Detecting recent player with ahk,https://stackoverflow.com/questions/77838578/detecting-recent-player-with-ahk
SQL Server MERGE will not work on production server as it is still SQL Server 2012,https://stackoverflow.com/questions/77838577/sql-server-merge-will-not-work-on-production-server-as-it-is-still-sql-server-20
The following build commands failed: SwiftEmitModule normal x86_64 Emitting\ module\ for\,https://stackoverflow.com/questions/77838576/the-following-build-commands-failed-swiftemitmodule-normal-x86-64-emitting-mod
Is there a way to extraxt specfic string from the text before certain value,https://stackoverflow.com/questions/77838574/is-there-a-way-to-extraxt-specfic-string-from-the-text-before-certain-value
Azure synapse pipeline date format issue,https://stackoverflow.com/questions/77838572/azure-synapse-pipeline-date-format-issue
How does a web API interface conceal data?,https://stackoverflow.com/questions/77838565/how-does-a-web-api-interface-conceal-data
launchFragmentInContainer<MyFragment> causing compile error in task app:compileDebugAndroidTestKotlin,https://stackoverflow.com/questions/77838563/launchfragmentincontainermyfragment-causing-compile-error-in-task-appcompiled
Inaccurate pixel coordinate to WGS84 coordinate transformation in DJI drone image,https://stackoverflow.com/questions/77838562/inaccurate-pixel-coordinate-to-wgs84-coordinate-transformation-in-dji-drone-imag
Running H2o model prediction in Pysaprk dataframe,https://stackoverflow.com/questions/77838561/running-h2o-model-prediction-in-pysaprk-dataframe
Search String in a column in SQL Server,https://stackoverflow.com/questions/77838560/search-string-in-a-column-in-sql-server
"Xcode - ""Could not attach to pid"" and ""app cannot be installed because it's integrity could not be verified"" errors",https://stackoverflow.com/questions/77838559/xcode-could-not-attach-to-pid-and-app-cannot-be-installed-because-its-inte
PowerBI - Databricks Connection using Service Principal,https://stackoverflow.com/questions/77838558/powerbi-databricks-connection-using-service-principal
Module Federation and React Context API,https://stackoverflow.com/questions/77838557/module-federation-and-react-context-api
Draft Instagram post using Instagram Graph API,https://stackoverflow.com/questions/77838555/draft-instagram-post-using-instagram-graph-api
increasing the frequency of the Y tick axis on the graph,https://stackoverflow.com/questions/77838554/increasing-the-frequency-of-the-y-tick-axis-on-the-graph
Load dataFrame to Opensearch serverless error in Databricks,https://stackoverflow.com/questions/77838553/load-dataframe-to-opensearch-serverless-error-in-databricks
How to prevent an Azure DevOps group admin inheriting the group restrictions,https://stackoverflow.com/questions/77838551/how-to-prevent-an-azure-devops-group-admin-inheriting-the-group-restrictions
Blazor Server-side without EF authorisation problem (AuthView),https://stackoverflow.com/questions/77838549/blazor-server-side-without-ef-authorisation-problem-authview
Import multiple dynamic arrays with formulas - Excel,https://stackoverflow.com/questions/77838547/import-multiple-dynamic-arrays-with-formulas-excel
Mocking an entire class and spying with pytest,https://stackoverflow.com/questions/77838546/mocking-an-entire-class-and-spying-with-pytest
Client certificate example in Cypress,https://stackoverflow.com/questions/77838543/client-certificate-example-in-cypress
"pyAudio input seems lagging when using after some ""idle"" time",https://stackoverflow.com/questions/77838539/pyaudio-input-seems-lagging-when-using-after-some-idle-time
Bypass policies when pushing but Prevent commits to Main Branch,https://stackoverflow.com/questions/77838538/bypass-policies-when-pushing-but-prevent-commits-to-main-branch
Consistently compiling C code with -fPIC for a rust ffi crate,https://stackoverflow.com/questions/77838537/consistently-compiling-c-code-with-fpic-for-a-rust-ffi-crate
How to Implement Modular ASP.NET Core Handlers?,https://stackoverflow.com/questions/77838532/how-to-implement-modular-asp-net-core-handlers
Automatic update of all elements of the list when changing object. Problem with parametric generation,https://stackoverflow.com/questions/77838531/automatic-update-of-all-elements-of-the-list-when-changing-object-problem-with
Getting boundary of a complex svg in fabric.js,https://stackoverflow.com/questions/77838527/getting-boundary-of-a-complex-svg-in-fabric-js
Lambda IP address originating from subnet CIDR,https://stackoverflow.com/questions/77838525/lambda-ip-address-originating-from-subnet-cidr
categorical sorting within date group in dataframe,https://stackoverflow.com/questions/77838523/categorical-sorting-within-date-group-in-dataframe
"accordion on mobile, tabs on desktop in Magento2",https://stackoverflow.com/questions/77838522/accordion-on-mobile-tabs-on-desktop-in-magento2
I want to change status based on order notes,https://stackoverflow.com/questions/77838519/i-want-to-change-status-based-on-order-notes
Google sees a CLS problem that isn't there?,https://stackoverflow.com/questions/77838518/google-sees-a-cls-problem-that-isnt-there
Intermittent Chart.js 3.7.1 Graph Distortion on Load,https://stackoverflow.com/questions/77838517/intermittent-chart-js-3-7-1-graph-distortion-on-load
Canceling Job doesn't stop suspend functions inside its scope,https://stackoverflow.com/questions/77838513/canceling-job-doesnt-stop-suspend-functions-inside-its-scope
Drupal : response time very long when few users actives,https://stackoverflow.com/questions/77838767/drupal-response-time-very-long-when-few-users-actives
How to make AWS API Gateway authenticate users similar to AWS ALB?,https://stackoverflow.com/questions/77838765/how-to-make-aws-api-gateway-authenticate-users-similar-to-aws-alb
Return Vim Search Results with QProcess,https://stackoverflow.com/questions/77838764/return-vim-search-results-with-qprocess
TLS Server Hello Packet Issue - Receiving Ignore Unknown Record Packets,https://stackoverflow.com/questions/77838763/tls-server-hello-packet-issue-receiving-ignore-unknown-record-packets
How to call a service in a function which is in a store to another tsx file and update some particular value?,https://stackoverflow.com/questions/77838762/how-to-call-a-service-in-a-function-which-is-in-a-store-to-another-tsx-file-and
How to use scoket.io in next js 14,https://stackoverflow.com/questions/77838760/how-to-use-scoket-io-in-next-js-14
"CKEditor5, why can't I see the editor plugins in the Vue 3 template?",https://stackoverflow.com/questions/77838761/ckeditor5-why-cant-i-see-the-editor-plugins-in-the-vue-3-template
Adaptive Resampling hyperparameter tuning algorithm (caret package) for 'mlpWeightDecayML' and 'glmnet',https://stackoverflow.com/questions/77838757/adaptive-resampling-hyperparameter-tuning-algorithm-caret-package-for-mlpweig
"Inno Setup not showing correct icon in desktop, because of iconcache in windows (Tablet)",https://stackoverflow.com/questions/77838755/inno-setup-not-showing-correct-icon-in-desktop-because-of-iconcache-in-windows
Application Pyhton for OIDC connexion,https://stackoverflow.com/questions/77838754/application-pyhton-for-oidc-connexion
Is there the way to use web3modal with nuxt 2 app?,https://stackoverflow.com/questions/77838751/is-there-the-way-to-use-web3modal-with-nuxt-2-app
[STM32H7]: DMA periodically incorrect data,https://stackoverflow.com/questions/77838748/stm32h7-dma-periodically-incorrect-data
How to use ngx-Color-Picker (version 13) in angular application (Version 15),https://stackoverflow.com/questions/77838747/how-to-use-ngx-color-picker-version-13-in-angular-application-version-15
Is there a way to use incremental machine learning with plpython3u in a PostgreSQL database?,https://stackoverflow.com/questions/77838746/is-there-a-way-to-use-incremental-machine-learning-with-plpython3u-in-a-postgres
Is it possible for Live SASS Compiler in VSCODE to compress specific sass file and leave others as expanded?,https://stackoverflow.com/questions/77838745/is-it-possible-for-live-sass-compiler-in-vscode-to-compress-specific-sass-file-a
When two applications having same app link url then which one is open by default. I have to give priority to my application,https://stackoverflow.com/questions/77838744/when-two-applications-having-same-app-link-url-then-which-one-is-open-by-default
The correct approach to change the MUI Drawer content,https://stackoverflow.com/questions/77838743/the-correct-approach-to-change-the-mui-drawer-content
MySQL query with CONCAT,https://stackoverflow.com/questions/77838741/mysql-query-with-concat
Is there a way to enforce a proxy for each request on a `reqwest::Client`?,https://stackoverflow.com/questions/77838740/is-there-a-way-to-enforce-a-proxy-for-each-request-on-a-reqwestclient
React Native Expo (SDK 49) with TypeScript: Encountering `AbortError: Aborted`,https://stackoverflow.com/questions/77838737/react-native-expo-sdk-49-with-typescript-encountering-aborterror-aborted
"Ethereum contract is deploying, but giving simultaneously an error",https://stackoverflow.com/questions/77838734/ethereum-contract-is-deploying-but-giving-simultaneously-an-error
"I'm making monopoly , how do I get all the players to select their char, save the char they choose and not let anyone else pick the same char",https://stackoverflow.com/questions/77838733/im-making-monopoly-how-do-i-get-all-the-players-to-select-their-char-save-th
Evaluate likelihood function for specific parameters in nlme,https://stackoverflow.com/questions/77838732/evaluate-likelihood-function-for-specific-parameters-in-nlme
Locally run sub-orchestration fails on WaitForExternalEvent task creation,https://stackoverflow.com/questions/77838731/locally-run-sub-orchestration-fails-on-waitforexternalevent-task-creation
Min-max sorting by one of the fields in one large data set,https://stackoverflow.com/questions/77838730/min-max-sorting-by-one-of-the-fields-in-one-large-data-set
How to find the position of an element relative to it's parent in JS,https://stackoverflow.com/questions/77838728/how-to-find-the-position-of-an-element-relative-to-its-parent-in-js
How to redirect a foreach loop output to a file?,https://stackoverflow.com/questions/77838727/how-to-redirect-a-foreach-loop-output-to-a-file
How to open a p:autoComplete suggestion list on focus,https://stackoverflow.com/questions/77838726/how-to-open-a-pautocomplete-suggestion-list-on-focus
Programming language [closed],https://stackoverflow.com/questions/77838724/programming-language
Pick keys from objects in array in MySQL JSON column,https://stackoverflow.com/questions/77838723/pick-keys-from-objects-in-array-in-mysql-json-column
node.js in frontend with webpack. ReferenceError: require is not defined at fs/promises. @trustwallet/wallet-core issue,https://stackoverflow.com/questions/77838721/node-js-in-frontend-with-webpack-referenceerror-require-is-not-defined-at-fs-p
Spring Data JDBC @Transactional annotation in combination with synchronized in method header,https://stackoverflow.com/questions/77838718/spring-data-jdbc-transactional-annotation-in-combination-with-synchronized-in-m
Invalid field: image_properties when trying to make a UpdateImagePropertiesRequest via google slide api,https://stackoverflow.com/questions/77838716/invalid-field-image-properties-when-trying-to-make-a-updateimagepropertiesreque
Checkpoint file not being saved,https://stackoverflow.com/questions/77838715/checkpoint-file-not-being-saved
Fill a column in Power-BI with date ( the last Thursday date ) dynamically,https://stackoverflow.com/questions/77838713/fill-a-column-in-power-bi-with-date-the-last-thursday-date-dynamically
Java JSON request Parser,https://stackoverflow.com/questions/77838710/java-json-request-parser
Reducing Database Queries per Row in Django Admin for Non-ForeignKey Fields,https://stackoverflow.com/questions/77838709/reducing-database-queries-per-row-in-django-admin-for-non-foreignkey-fields
Updating javascript Array of objects returns duplicates in the array,https://stackoverflow.com/questions/77838704/updating-javascript-array-of-objects-returns-duplicates-in-the-array
How to use Boost::multi_index_container with checking if enum has set on specific bit,https://stackoverflow.com/questions/77838703/how-to-use-boostmulti-index-container-with-checking-if-enum-has-set-on-specifi
Fetching posts with multiple images from reddit,https://stackoverflow.com/questions/77838700/fetching-posts-with-multiple-images-from-reddit
How to transfer money from merchant account to customers bank account automatically in authorize.net using node js api's?,https://stackoverflow.com/questions/77838699/how-to-transfer-money-from-merchant-account-to-customers-bank-account-automatica
use spring boot embeded server only for local test,https://stackoverflow.com/questions/77838697/use-spring-boot-embeded-server-only-for-local-test
Numpy calculate product of differences of two matrices against all rows in matrix,https://stackoverflow.com/questions/77838692/numpy-calculate-product-of-differences-of-two-matrices-against-all-rows-in-matri
Troubles with GraphQL query running twice and not updating my data,https://stackoverflow.com/questions/77838691/troubles-with-graphql-query-running-twice-and-not-updating-my-data
How to use template toolkit to write out different output file,https://stackoverflow.com/questions/77838690/how-to-use-template-toolkit-to-write-out-different-output-file
Azure App Configuration references are not resolved in local.settings.json,https://stackoverflow.com/questions/77838689/azure-app-configuration-references-are-not-resolved-in-local-settings-json
ftp file transfer using socket programming python,https://stackoverflow.com/questions/77838688/ftp-file-transfer-using-socket-programming-python
"Context Injection( specflow, C#)",https://stackoverflow.com/questions/77838687/context-injection-specflow-c
Can you use SQL Server's JSON features to build a JSON Object from an EAV (like) table which has dynamic keys?,https://stackoverflow.com/questions/77838685/can-you-use-sql-servers-json-features-to-build-a-json-object-from-an-eav-like
Exception on buildDockerImage. Cannot access input property 'inputDir' of task ':project-name:buildDockerImage',https://stackoverflow.com/questions/77838683/exception-on-builddockerimage-cannot-access-input-property-inputdir-of-task
How to enable error squiggles for java in vscode?,https://stackoverflow.com/questions/77838784/how-to-enable-error-squiggles-for-java-in-vscode
"PHP Fatal error: Uncaught ArgumentCountError: mysqli_escape_string() expects exactly 2 arguments, /functions.php:60",https://stackoverflow.com/questions/77838783/php-fatal-error-uncaught-argumentcounterror-mysqli-escape-string-expects-exa
Creating a chevron in Laravel using tailwind,https://stackoverflow.com/questions/77838781/creating-a-chevron-in-laravel-using-tailwind
How can I set textbox with visited person as obligatory and how to change lalbel design in my Python app,https://stackoverflow.com/questions/77838780/how-can-i-set-textbox-with-visited-person-as-obligatory-and-how-to-change-lalbel
How to use org.yaml.snakeyaml.Yaml or groovy.yaml.YamlSlurper in android gradle groovy build script,https://stackoverflow.com/questions/77838779/how-to-use-org-yaml-snakeyaml-yaml-or-groovy-yaml-yamlslurper-in-android-gradle
Unexpected behaviour in javascript async function with nested loops,https://stackoverflow.com/questions/77838775/unexpected-behaviour-in-javascript-async-function-with-nested-loops
How to return value by id and not index in ramda?,https://stackoverflow.com/questions/77838774/how-to-return-value-by-id-and-not-index-in-ramda
How can I use useLazyLoadQuery when onClick event triggers,https://stackoverflow.com/questions/77838773/how-can-i-use-uselazyloadquery-when-onclick-event-triggers
_ctx.function is not defined in vue,https://stackoverflow.com/questions/77838772/ctx-function-is-not-defined-in-vue
Fix label overlapping and space inside ggplot,https://stackoverflow.com/questions/77838768/fix-label-overlapping-and-space-inside-ggplot
Drupal : response time very long when few users actives,https://stackoverflow.com/questions/77838767/drupal-response-time-very-long-when-few-users-actives
How to make AWS API Gateway authenticate users similar to AWS ALB?,https://stackoverflow.com/questions/77838765/how-to-make-aws-api-gateway-authenticate-users-similar-to-aws-alb
Return Vim Search Results with QProcess,https://stackoverflow.com/questions/77838764/return-vim-search-results-with-qprocess
TLS Server Hello Packet Issue - Receiving Ignore Unknown Record Packets,https://stackoverflow.com/questions/77838763/tls-server-hello-packet-issue-receiving-ignore-unknown-record-packets
How to call a service in a function which is in a store to another tsx file and update some particular value?,https://stackoverflow.com/questions/77838762/how-to-call-a-service-in-a-function-which-is-in-a-store-to-another-tsx-file-and
How to use scoket.io in next js 14,https://stackoverflow.com/questions/77838760/how-to-use-scoket-io-in-next-js-14
"CKEditor5, why can't I see the editor plugins in the Vue 3 template?",https://stackoverflow.com/questions/77838761/ckeditor5-why-cant-i-see-the-editor-plugins-in-the-vue-3-template
Adaptive Resampling hyperparameter tuning algorithm (caret package) for 'mlpWeightDecayML' and 'glmnet',https://stackoverflow.com/questions/77838757/adaptive-resampling-hyperparameter-tuning-algorithm-caret-package-for-mlpweig
"Inno Setup not showing correct icon in desktop, because of iconcache in windows (Tablet)",https://stackoverflow.com/questions/77838755/inno-setup-not-showing-correct-icon-in-desktop-because-of-iconcache-in-windows
Application Pyhton for OIDC connexion,https://stackoverflow.com/questions/77838754/application-pyhton-for-oidc-connexion
Is there the way to use web3modal with nuxt 2 app?,https://stackoverflow.com/questions/77838751/is-there-the-way-to-use-web3modal-with-nuxt-2-app
[STM32H7]: DMA periodically incorrect data,https://stackoverflow.com/questions/77838748/stm32h7-dma-periodically-incorrect-data
How to use ngx-Color-Picker (version 13) in angular application (Version 15),https://stackoverflow.com/questions/77838747/how-to-use-ngx-color-picker-version-13-in-angular-application-version-15
Is there a way to use incremental machine learning with plpython3u in a PostgreSQL database?,https://stackoverflow.com/questions/77838746/is-there-a-way-to-use-incremental-machine-learning-with-plpython3u-in-a-postgres
Is it possible for Live SASS Compiler in VSCODE to compress specific sass file and leave others as expanded?,https://stackoverflow.com/questions/77838745/is-it-possible-for-live-sass-compiler-in-vscode-to-compress-specific-sass-file-a
When two applications having same app link url then which one is open by default. I have to give priority to my application,https://stackoverflow.com/questions/77838744/when-two-applications-having-same-app-link-url-then-which-one-is-open-by-default
The correct approach to change the MUI Drawer content,https://stackoverflow.com/questions/77838743/the-correct-approach-to-change-the-mui-drawer-content
MySQL query with CONCAT [duplicate],https://stackoverflow.com/questions/77838741/mysql-query-with-concat
Is there a way to enforce a proxy for each request on a `reqwest::Client`?,https://stackoverflow.com/questions/77838740/is-there-a-way-to-enforce-a-proxy-for-each-request-on-a-reqwestclient
React Native Expo (SDK 49) with TypeScript: Encountering `AbortError: Aborted`,https://stackoverflow.com/questions/77838737/react-native-expo-sdk-49-with-typescript-encountering-aborterror-aborted
"Ethereum contract is deploying, but giving simultaneously an error",https://stackoverflow.com/questions/77838734/ethereum-contract-is-deploying-but-giving-simultaneously-an-error
"I'm making monopoly , how do I get all the players to select their char, save the char they choose and not let anyone else pick the same char",https://stackoverflow.com/questions/77838733/im-making-monopoly-how-do-i-get-all-the-players-to-select-their-char-save-th
Evaluate likelihood function for specific parameters in nlme,https://stackoverflow.com/questions/77838732/evaluate-likelihood-function-for-specific-parameters-in-nlme
Locally run sub-orchestration fails on WaitForExternalEvent task creation,https://stackoverflow.com/questions/77838731/locally-run-sub-orchestration-fails-on-waitforexternalevent-task-creation
Min-max sorting by one of the fields in one large data set,https://stackoverflow.com/questions/77838730/min-max-sorting-by-one-of-the-fields-in-one-large-data-set
How to find the position of an element relative to it's parent in JS,https://stackoverflow.com/questions/77838728/how-to-find-the-position-of-an-element-relative-to-its-parent-in-js
How to redirect a foreach loop output to a file?,https://stackoverflow.com/questions/77838727/how-to-redirect-a-foreach-loop-output-to-a-file
How to open a p:autoComplete suggestion list on focus,https://stackoverflow.com/questions/77838726/how-to-open-a-pautocomplete-suggestion-list-on-focus
Programming language [closed],https://stackoverflow.com/questions/77838724/programming-language
Pick keys from objects in array in MySQL JSON column,https://stackoverflow.com/questions/77838723/pick-keys-from-objects-in-array-in-mysql-json-column
node.js in frontend with webpack. ReferenceError: require is not defined at fs/promises. @trustwallet/wallet-core issue,https://stackoverflow.com/questions/77838721/node-js-in-frontend-with-webpack-referenceerror-require-is-not-defined-at-fs-p
Spring Data JDBC @Transactional annotation in combination with synchronized in method header,https://stackoverflow.com/questions/77838718/spring-data-jdbc-transactional-annotation-in-combination-with-synchronized-in-m
Invalid field: image_properties when trying to make a UpdateImagePropertiesRequest via google slide api,https://stackoverflow.com/questions/77838716/invalid-field-image-properties-when-trying-to-make-a-updateimagepropertiesreque
Checkpoint file not being saved,https://stackoverflow.com/questions/77838715/checkpoint-file-not-being-saved
Fill a column in Power-BI with date ( the last Thursday date ) dynamically,https://stackoverflow.com/questions/77838713/fill-a-column-in-power-bi-with-date-the-last-thursday-date-dynamically
Java JSON request Parser,https://stackoverflow.com/questions/77838710/java-json-request-parser
Reducing Database Queries per Row in Django Admin for Non-ForeignKey Fields,https://stackoverflow.com/questions/77838709/reducing-database-queries-per-row-in-django-admin-for-non-foreignkey-fields
Updating javascript Array of objects returns duplicates in the array,https://stackoverflow.com/questions/77838704/updating-javascript-array-of-objects-returns-duplicates-in-the-array
How to use Boost::multi_index_container with checking if enum has set on specific bit,https://stackoverflow.com/questions/77838703/how-to-use-boostmulti-index-container-with-checking-if-enum-has-set-on-specifi
Fetching posts with multiple images from reddit,https://stackoverflow.com/questions/77838700/fetching-posts-with-multiple-images-from-reddit
Tiered Charging Structure Formula,https://stackoverflow.com/questions/77838785/tiered-charging-structure-formula
How to enable error squiggles for java in vscode?,https://stackoverflow.com/questions/77838784/how-to-enable-error-squiggles-for-java-in-vscode
"PHP Fatal error: Uncaught ArgumentCountError: mysqli_escape_string() expects exactly 2 arguments, /functions.php:60",https://stackoverflow.com/questions/77838783/php-fatal-error-uncaught-argumentcounterror-mysqli-escape-string-expects-exa
Creating a chevron in Laravel using tailwind,https://stackoverflow.com/questions/77838781/creating-a-chevron-in-laravel-using-tailwind
How can I set textbox with visited person as obligatory and how to change lalbel design in my Python app,https://stackoverflow.com/questions/77838780/how-can-i-set-textbox-with-visited-person-as-obligatory-and-how-to-change-lalbel
How to use org.yaml.snakeyaml.Yaml or groovy.yaml.YamlSlurper in android gradle groovy build script,https://stackoverflow.com/questions/77838779/how-to-use-org-yaml-snakeyaml-yaml-or-groovy-yaml-yamlslurper-in-android-gradle
Unexpected behaviour in javascript async function with nested loops,https://stackoverflow.com/questions/77838775/unexpected-behaviour-in-javascript-async-function-with-nested-loops
How to return value by id and not index in ramda?,https://stackoverflow.com/questions/77838774/how-to-return-value-by-id-and-not-index-in-ramda
How can I use useLazyLoadQuery when onClick event triggers,https://stackoverflow.com/questions/77838773/how-can-i-use-uselazyloadquery-when-onclick-event-triggers
_ctx.function is not defined in vue,https://stackoverflow.com/questions/77838772/ctx-function-is-not-defined-in-vue
Fix label overlapping and space inside ggplot,https://stackoverflow.com/questions/77838768/fix-label-overlapping-and-space-inside-ggplot
Drupal : response time very long when few users actives,https://stackoverflow.com/questions/77838767/drupal-response-time-very-long-when-few-users-actives
How to make AWS API Gateway authenticate users similar to AWS ALB?,https://stackoverflow.com/questions/77838765/how-to-make-aws-api-gateway-authenticate-users-similar-to-aws-alb
Return Vim Search Results with QProcess,https://stackoverflow.com/questions/77838764/return-vim-search-results-with-qprocess
TLS Server Hello Packet Issue - Receiving Ignore Unknown Record Packets,https://stackoverflow.com/questions/77838763/tls-server-hello-packet-issue-receiving-ignore-unknown-record-packets
How to call a service in a function which is in a store to another tsx file and update some particular value?,https://stackoverflow.com/questions/77838762/how-to-call-a-service-in-a-function-which-is-in-a-store-to-another-tsx-file-and
How to use scoket.io in next js 14,https://stackoverflow.com/questions/77838760/how-to-use-scoket-io-in-next-js-14
"CKEditor5, why can't I see the editor plugins in the Vue 3 template?",https://stackoverflow.com/questions/77838761/ckeditor5-why-cant-i-see-the-editor-plugins-in-the-vue-3-template
Adaptive Resampling hyperparameter tuning algorithm (caret package) for 'mlpWeightDecayML' and 'glmnet',https://stackoverflow.com/questions/77838757/adaptive-resampling-hyperparameter-tuning-algorithm-caret-package-for-mlpweig
"Inno Setup not showing correct icon in desktop, because of iconcache in windows (Tablet)",https://stackoverflow.com/questions/77838755/inno-setup-not-showing-correct-icon-in-desktop-because-of-iconcache-in-windows
Application Pyhton for OIDC connexion,https://stackoverflow.com/questions/77838754/application-pyhton-for-oidc-connexion
Is there the way to use web3modal with nuxt 2 app?,https://stackoverflow.com/questions/77838751/is-there-the-way-to-use-web3modal-with-nuxt-2-app
[STM32H7]: DMA periodically incorrect data,https://stackoverflow.com/questions/77838748/stm32h7-dma-periodically-incorrect-data
How to use ngx-Color-Picker (version 13) in angular application (Version 15),https://stackoverflow.com/questions/77838747/how-to-use-ngx-color-picker-version-13-in-angular-application-version-15
Is there a way to use incremental machine learning with plpython3u in a PostgreSQL database?,https://stackoverflow.com/questions/77838746/is-there-a-way-to-use-incremental-machine-learning-with-plpython3u-in-a-postgres
Is it possible for Live SASS Compiler in VSCODE to compress specific sass file and leave others as expanded?,https://stackoverflow.com/questions/77838745/is-it-possible-for-live-sass-compiler-in-vscode-to-compress-specific-sass-file-a
When two applications having same app link url then which one is open by default. I have to give priority to my application,https://stackoverflow.com/questions/77838744/when-two-applications-having-same-app-link-url-then-which-one-is-open-by-default
The correct approach to change the MUI Drawer content,https://stackoverflow.com/questions/77838743/the-correct-approach-to-change-the-mui-drawer-content
MySQL query with CONCAT [duplicate],https://stackoverflow.com/questions/77838741/mysql-query-with-concat
Is there a way to enforce a proxy for each request on a `reqwest::Client`?,https://stackoverflow.com/questions/77838740/is-there-a-way-to-enforce-a-proxy-for-each-request-on-a-reqwestclient
React Native Expo (SDK 49) with TypeScript: Encountering `AbortError: Aborted`,https://stackoverflow.com/questions/77838737/react-native-expo-sdk-49-with-typescript-encountering-aborterror-aborted
"Ethereum contract is deploying, but giving simultaneously an error",https://stackoverflow.com/questions/77838734/ethereum-contract-is-deploying-but-giving-simultaneously-an-error
"I'm making monopoly , how do I get all the players to select their char, save the char they choose and not let anyone else pick the same char",https://stackoverflow.com/questions/77838733/im-making-monopoly-how-do-i-get-all-the-players-to-select-their-char-save-th
Evaluate likelihood function for specific parameters in nlme,https://stackoverflow.com/questions/77838732/evaluate-likelihood-function-for-specific-parameters-in-nlme
Locally run sub-orchestration fails on WaitForExternalEvent task creation,https://stackoverflow.com/questions/77838731/locally-run-sub-orchestration-fails-on-waitforexternalevent-task-creation
Min-max sorting by one of the fields in one large data set,https://stackoverflow.com/questions/77838730/min-max-sorting-by-one-of-the-fields-in-one-large-data-set
How to find the position of an element relative to it's parent in JS,https://stackoverflow.com/questions/77838728/how-to-find-the-position-of-an-element-relative-to-its-parent-in-js
How to redirect a foreach loop output to a file?,https://stackoverflow.com/questions/77838727/how-to-redirect-a-foreach-loop-output-to-a-file
How to open a p:autoComplete suggestion list on focus,https://stackoverflow.com/questions/77838726/how-to-open-a-pautocomplete-suggestion-list-on-focus
Programming language [closed],https://stackoverflow.com/questions/77838724/programming-language
Pick keys from objects in array in MySQL JSON column,https://stackoverflow.com/questions/77838723/pick-keys-from-objects-in-array-in-mysql-json-column
node.js in frontend with webpack. ReferenceError: require is not defined at fs/promises. @trustwallet/wallet-core issue,https://stackoverflow.com/questions/77838721/node-js-in-frontend-with-webpack-referenceerror-require-is-not-defined-at-fs-p
Spring Data JDBC @Transactional annotation in combination with synchronized in method header,https://stackoverflow.com/questions/77838718/spring-data-jdbc-transactional-annotation-in-combination-with-synchronized-in-m
Checkpoint file not being saved,https://stackoverflow.com/questions/77838715/checkpoint-file-not-being-saved
Fill a column in Power-BI with date ( the last Thursday date ) dynamically,https://stackoverflow.com/questions/77838713/fill-a-column-in-power-bi-with-date-the-last-thursday-date-dynamically
Java JSON request Parser,https://stackoverflow.com/questions/77838710/java-json-request-parser
Reducing Database Queries per Row in Django Admin for Non-ForeignKey Fields,https://stackoverflow.com/questions/77838709/reducing-database-queries-per-row-in-django-admin-for-non-foreignkey-fields
Updating javascript Array of objects returns duplicates in the array,https://stackoverflow.com/questions/77838704/updating-javascript-array-of-objects-returns-duplicates-in-the-array
How to use Boost::multi_index_container with checking if enum has set on specific bit,https://stackoverflow.com/questions/77838703/how-to-use-boostmulti-index-container-with-checking-if-enum-has-set-on-specifi
Error in copying two data files in data 3 in c using command line argument,https://stackoverflow.com/questions/77838795/error-in-copying-two-data-files-in-data-3-in-c-using-command-line-argument
LinkedIn API - Not enough permissions - rest/posts,https://stackoverflow.com/questions/77838794/linkedin-api-not-enough-permissions-rest-posts
Powershell read csv and rewrite with only x first columns,https://stackoverflow.com/questions/77838792/powershell-read-csv-and-rewrite-with-only-x-first-columns
How to generate if-else conditions or tree like structure or hidden rules from data,https://stackoverflow.com/questions/77838790/how-to-generate-if-else-conditions-or-tree-like-structure-or-hidden-rules-from-d
Kotlin Generics with upper and lower bounds required,https://stackoverflow.com/questions/77838788/kotlin-generics-with-upper-and-lower-bounds-required
Tiered Charging Structure Formula,https://stackoverflow.com/questions/77838785/tiered-charging-structure-formula
How to enable error squiggles for java in vscode?,https://stackoverflow.com/questions/77838784/how-to-enable-error-squiggles-for-java-in-vscode
"PHP Fatal error: Uncaught ArgumentCountError: mysqli_escape_string() expects exactly 2 arguments, /functions.php:60",https://stackoverflow.com/questions/77838783/php-fatal-error-uncaught-argumentcounterror-mysqli-escape-string-expects-exa
Creating a chevron in Laravel using tailwind,https://stackoverflow.com/questions/77838781/creating-a-chevron-in-laravel-using-tailwind
How can I set textbox with visited person as obligatory and how to change lalbel design in my Python app,https://stackoverflow.com/questions/77838780/how-can-i-set-textbox-with-visited-person-as-obligatory-and-how-to-change-lalbel
How to use org.yaml.snakeyaml.Yaml or groovy.yaml.YamlSlurper in android gradle groovy build script,https://stackoverflow.com/questions/77838779/how-to-use-org-yaml-snakeyaml-yaml-or-groovy-yaml-yamlslurper-in-android-gradle
Unexpected behaviour in javascript async function with nested loops,https://stackoverflow.com/questions/77838775/unexpected-behaviour-in-javascript-async-function-with-nested-loops
How to return value by id and not index in ramda?,https://stackoverflow.com/questions/77838774/how-to-return-value-by-id-and-not-index-in-ramda
How can I use useLazyLoadQuery when onClick event triggers,https://stackoverflow.com/questions/77838773/how-can-i-use-uselazyloadquery-when-onclick-event-triggers
_ctx.function is not defined in vue,https://stackoverflow.com/questions/77838772/ctx-function-is-not-defined-in-vue
Fix label overlapping and space inside ggplot,https://stackoverflow.com/questions/77838768/fix-label-overlapping-and-space-inside-ggplot
Drupal : response time very long when few users actives,https://stackoverflow.com/questions/77838767/drupal-response-time-very-long-when-few-users-actives
How to make AWS API Gateway authenticate users similar to AWS ALB?,https://stackoverflow.com/questions/77838765/how-to-make-aws-api-gateway-authenticate-users-similar-to-aws-alb
Return Vim Search Results with QProcess,https://stackoverflow.com/questions/77838764/return-vim-search-results-with-qprocess
TLS Server Hello Packet Issue - Receiving Ignore Unknown Record Packets,https://stackoverflow.com/questions/77838763/tls-server-hello-packet-issue-receiving-ignore-unknown-record-packets
How to call a service in a function which is in a store to another tsx file and update some particular value?,https://stackoverflow.com/questions/77838762/how-to-call-a-service-in-a-function-which-is-in-a-store-to-another-tsx-file-and
How to use scoket.io in next js 14,https://stackoverflow.com/questions/77838760/how-to-use-scoket-io-in-next-js-14
"CKEditor5, why can't I see the editor plugins in the Vue 3 template?",https://stackoverflow.com/questions/77838761/ckeditor5-why-cant-i-see-the-editor-plugins-in-the-vue-3-template
Adaptive Resampling hyperparameter tuning algorithm (caret package) for 'mlpWeightDecayML' and 'glmnet',https://stackoverflow.com/questions/77838757/adaptive-resampling-hyperparameter-tuning-algorithm-caret-package-for-mlpweig
"Inno Setup not showing correct icon in desktop, because of iconcache in windows (Tablet)",https://stackoverflow.com/questions/77838755/inno-setup-not-showing-correct-icon-in-desktop-because-of-iconcache-in-windows
Application Pyhton for OIDC connexion,https://stackoverflow.com/questions/77838754/application-pyhton-for-oidc-connexion
Is there the way to use web3modal with nuxt 2 app?,https://stackoverflow.com/questions/77838751/is-there-the-way-to-use-web3modal-with-nuxt-2-app
[STM32H7]: DMA periodically incorrect data,https://stackoverflow.com/questions/77838748/stm32h7-dma-periodically-incorrect-data
How to use ngx-Color-Picker (version 13) in angular application (Version 15),https://stackoverflow.com/questions/77838747/how-to-use-ngx-color-picker-version-13-in-angular-application-version-15
Is there a way to use incremental machine learning with plpython3u in a PostgreSQL database?,https://stackoverflow.com/questions/77838746/is-there-a-way-to-use-incremental-machine-learning-with-plpython3u-in-a-postgres
Is it possible for Live SASS Compiler in VSCODE to compress specific sass file and leave others as expanded?,https://stackoverflow.com/questions/77838745/is-it-possible-for-live-sass-compiler-in-vscode-to-compress-specific-sass-file-a
When two applications having same app link url then which one is open by default. I have to give priority to my application,https://stackoverflow.com/questions/77838744/when-two-applications-having-same-app-link-url-then-which-one-is-open-by-default
The correct approach to change the MUI Drawer content,https://stackoverflow.com/questions/77838743/the-correct-approach-to-change-the-mui-drawer-content
MySQL query with CONCAT [duplicate],https://stackoverflow.com/questions/77838741/mysql-query-with-concat
Is there a way to enforce a proxy for each request on a `reqwest::Client`?,https://stackoverflow.com/questions/77838740/is-there-a-way-to-enforce-a-proxy-for-each-request-on-a-reqwestclient
React Native Expo (SDK 49) with TypeScript: Encountering `AbortError: Aborted`,https://stackoverflow.com/questions/77838737/react-native-expo-sdk-49-with-typescript-encountering-aborterror-aborted
"Ethereum contract is deploying, but giving simultaneously an error",https://stackoverflow.com/questions/77838734/ethereum-contract-is-deploying-but-giving-simultaneously-an-error
"I'm making monopoly , how do I get all the players to select their char, save the char they choose and not let anyone else pick the same char",https://stackoverflow.com/questions/77838733/im-making-monopoly-how-do-i-get-all-the-players-to-select-their-char-save-th
Evaluate likelihood function for specific parameters in nlme,https://stackoverflow.com/questions/77838732/evaluate-likelihood-function-for-specific-parameters-in-nlme
Locally run sub-orchestration fails on WaitForExternalEvent task creation,https://stackoverflow.com/questions/77838731/locally-run-sub-orchestration-fails-on-waitforexternalevent-task-creation
Min-max sorting by one of the fields in one large data set,https://stackoverflow.com/questions/77838730/min-max-sorting-by-one-of-the-fields-in-one-large-data-set
How to find the position of an element relative to it's parent in JS,https://stackoverflow.com/questions/77838728/how-to-find-the-position-of-an-element-relative-to-its-parent-in-js
How to redirect a foreach loop output to a file?,https://stackoverflow.com/questions/77838727/how-to-redirect-a-foreach-loop-output-to-a-file
How to open a p:autoComplete suggestion list on focus,https://stackoverflow.com/questions/77838726/how-to-open-a-pautocomplete-suggestion-list-on-focus
Programming language [closed],https://stackoverflow.com/questions/77838724/programming-language
Pick keys from objects in array in MySQL JSON column,https://stackoverflow.com/questions/77838723/pick-keys-from-objects-in-array-in-mysql-json-column
node.js in frontend with webpack. ReferenceError: require is not defined at fs/promises. @trustwallet/wallet-core issue,https://stackoverflow.com/questions/77838721/node-js-in-frontend-with-webpack-referenceerror-require-is-not-defined-at-fs-p
Spring Data JDBC @Transactional annotation in combination with synchronized in method header,https://stackoverflow.com/questions/77838718/spring-data-jdbc-transactional-annotation-in-combination-with-synchronized-in-m
Checkpoint file not being saved,https://stackoverflow.com/questions/77838715/checkpoint-file-not-being-saved
Fill a column in Power-BI with date ( the last Thursday date ) dynamically,https://stackoverflow.com/questions/77838713/fill-a-column-in-power-bi-with-date-the-last-thursday-date-dynamically
Declarative Jenkins pipeline; running testcases in parallel batches,https://stackoverflow.com/questions/77839261/declarative-jenkins-pipeline-running-testcases-in-parallel-batches
"When I try to open a program with appimage format, I encounter the error zsh: exec format error",https://stackoverflow.com/questions/77839256/when-i-try-to-open-a-program-with-appimage-format-i-encounter-the-error-zsh-ex
How to send msg.value to a payable func in solidity during a foundry test?,https://stackoverflow.com/questions/77839255/how-to-send-msg-value-to-a-payable-func-in-solidity-during-a-foundry-test
How to encrypt payload in angular16 and decrypt payload in .net core web api,https://stackoverflow.com/questions/77839253/how-to-encrypt-payload-in-angular16-and-decrypt-payload-in-net-core-web-api
How to pass a query in http GET method while using Next.JS 14 API route?,https://stackoverflow.com/questions/77839252/how-to-pass-a-query-in-http-get-method-while-using-next-js-14-api-route
I want to have a date time slot picker given in an image so how can I do it in wordpress custom plugin?,https://stackoverflow.com/questions/77839251/i-want-to-have-a-date-time-slot-picker-given-in-an-image-so-how-can-i-do-it-in-w
Why Dynamic configuration in ASP.NET 6 web app deployed on AKS stops working after a while?,https://stackoverflow.com/questions/77839249/why-dynamic-configuration-in-asp-net-6-web-app-deployed-on-aks-stops-working-aft
How to take back the local changes in Github desktop,https://stackoverflow.com/questions/77839248/how-to-take-back-the-local-changes-in-github-desktop
Publishing Javascrpt/typescript code coverage to Sonarcloud not working with Azure Pipeline,https://stackoverflow.com/questions/77839247/publishing-javascrpt-typescript-code-coverage-to-sonarcloud-not-working-with-azu
Android studio hypervisor driver is not installed,https://stackoverflow.com/questions/77839246/android-studio-hypervisor-driver-is-not-installed
"Seeking Recommendations: Free Hypervisor with Terraform Provider, Emphasizing Linux Compatibility",https://stackoverflow.com/questions/77839244/seeking-recommendations-free-hypervisor-with-terraform-provider-emphasizing-li
Python - Print a line multiple times with a break after each line,https://stackoverflow.com/questions/77839241/python-print-a-line-multiple-times-with-a-break-after-each-line
Can Vitest UI display coverage report directory?,https://stackoverflow.com/questions/77839240/can-vitest-ui-display-coverage-report-directory
"WiX: How to Upgrade ""per user"" installation including services",https://stackoverflow.com/questions/77839235/wix-how-to-upgrade-per-user-installation-including-services
WordPress - MailPoet - have email address input and subscribe button on same row?,https://stackoverflow.com/questions/77839233/wordpress-mailpoet-have-email-address-input-and-subscribe-button-on-same-row
tailwind breakpoints affecting to all the widths,https://stackoverflow.com/questions/77839223/tailwind-breakpoints-affecting-to-all-the-widths
Effectiveness of Composite Indexing in PostgreSQL for Specific Query Optimization,https://stackoverflow.com/questions/77839222/effectiveness-of-composite-indexing-in-postgresql-for-specific-query-optimizatio
How do I fix language worker process error using python?,https://stackoverflow.com/questions/77839220/how-do-i-fix-language-worker-process-error-using-python
How can I cache and reload docker images in GitHub Actions?,https://stackoverflow.com/questions/77839219/how-can-i-cache-and-reload-docker-images-in-github-actions
Chinese character encoding in openshift 4 using java,https://stackoverflow.com/questions/77839218/chinese-character-encoding-in-openshift-4-using-java
Making web scrapper using playwright,https://stackoverflow.com/questions/77839217/making-web-scrapper-using-playwright
No overload for method 'ProtectKeysWithAzureKeyVault' takes 3 arguments,https://stackoverflow.com/questions/77839216/no-overload-for-method-protectkeyswithazurekeyvault-takes-3-arguments
incomplete type is not allowed & member function declared with override does not override a base class member in blank UE 5.3 project,https://stackoverflow.com/questions/77839215/incomplete-type-is-not-allowed-member-function-declared-with-override-doe
Node.js + Mysql DateTime is saved one hour earlier in database,https://stackoverflow.com/questions/77839214/node-js-mysql-datetime-is-saved-one-hour-earlier-in-database
Paging is not worked by default in Jboss 7.2,https://stackoverflow.com/questions/77839213/paging-is-not-worked-by-default-in-jboss-7-2
InMemoryUserDetailsManager cannot be resolved to a type,https://stackoverflow.com/questions/77839212/inmemoryuserdetailsmanager-cannot-be-resolved-to-a-type
"Build failure after adding dependency ,Android Gradle Plugin version mismatch",https://stackoverflow.com/questions/77839210/build-failure-after-adding-dependency-android-gradle-plugin-version-mismatch
How to create a graph for IdealGraphVisualizer?,https://stackoverflow.com/questions/77839208/how-to-create-a-graph-for-idealgraphvisualizer
In gridview each rows has 2 dropdowns. After selected the value in 1st dropdown it should show the dropdown value in 2 nd dropdown,https://stackoverflow.com/questions/77839200/in-gridview-each-rows-has-2-dropdowns-after-selected-the-value-in-1st-dropdown
SQL Query: How to find data from the most recent date that isn't blank?,https://stackoverflow.com/questions/77839199/sql-query-how-to-find-data-from-the-most-recent-date-that-isnt-blank
how to use Microsoft.Office.Interop.Word in c#,https://stackoverflow.com/questions/77839198/how-to-use-microsoft-office-interop-word-in-c-sharp
Prevent my website from redirect to external url that attackers put in GET Parameter,https://stackoverflow.com/questions/77839196/prevent-my-website-from-redirect-to-external-url-that-attackers-put-in-get-param
BEGINNER - html/css form problems [closed],https://stackoverflow.com/questions/77839195/beginner-html-css-form-problems
How to Filter Data following Table List,https://stackoverflow.com/questions/77839194/how-to-filter-data-following-table-list
Updating array with useState in React,https://stackoverflow.com/questions/77839193/updating-array-with-usestate-in-react
AccessDecisionManager is deprecated,https://stackoverflow.com/questions/77839192/accessdecisionmanager-is-deprecated
Issues while setting up diff timezones for trigger in azure data factory through java SDK,https://stackoverflow.com/questions/77839191/issues-while-setting-up-diff-timezones-for-trigger-in-azure-data-factory-through
Docker error Cannot find module 'strapi-plugin-upload/package.json',https://stackoverflow.com/questions/77839190/docker-error-cannot-find-module-strapi-plugin-upload-package-json
Creating CSV file from single column CSV file generated by google sheets,https://stackoverflow.com/questions/77839188/creating-csv-file-from-single-column-csv-file-generated-by-google-sheets
Composable Button Border Stroke looks weird,https://stackoverflow.com/questions/77839187/composable-button-border-stroke-looks-weird
Error Problem with using Phyton in VScode,https://stackoverflow.com/questions/77839186/error-problem-with-using-phyton-in-vscode
Error connecting to Salesforce using Salesforce connector in Azure Logic App,https://stackoverflow.com/questions/77839185/error-connecting-to-salesforce-using-salesforce-connector-in-azure-logic-app
How do I align products in WooCommerce?,https://stackoverflow.com/questions/77839184/how-do-i-align-products-in-woocommerce
Accordin and get data from JSON [closed],https://stackoverflow.com/questions/77839183/accordin-and-get-data-from-json
next js Component Scroll Behavior Issue.Facing trouble achieving desired scroll behavior based on isSelectedImageIndex in my Next js component,https://stackoverflow.com/questions/77839180/next-js-component-scroll-behavior-issue-facing-trouble-achieving-desired-scroll
Escaping PowerShell within Ansible,https://stackoverflow.com/questions/77839178/escaping-powershell-within-ansible
FPDF2 issue importing svg with text,https://stackoverflow.com/questions/77839177/fpdf2-issue-importing-svg-with-text
Add multiple Prices in Stripe while adding discount to only one item,https://stackoverflow.com/questions/77839176/add-multiple-prices-in-stripe-while-adding-discount-to-only-one-item
